INSERT INTO PUBLIC.CELLAR(ID, CAPACITY, USER_ID) VALUES (1001, 27, 3);

INSERT INTO PUBLIC.WINE(ID, NAME, APPELLATION, PRODUCER, CREATOR_ID, REGION_ID, COLOR_ID) VALUES(1001, STRINGDECODE('Cuv\u00e9e les ruffes'), 'AOP terrasses du Larzac', STRINGDECODE('Ch\u00e2teau la sauvageonne'), 3, 9, 2);
INSERT INTO PUBLIC.WINE(ID, NAME, APPELLATION, PRODUCER, CREATOR_ID, REGION_ID, COLOR_ID) VALUES(1002, 'Domaine de la clotte', 'AOP Saint-Emilion', 'Vigneron et traditions', 3, 3, 2);
INSERT INTO PUBLIC.WINE(ID, NAME, APPELLATION, PRODUCER, CREATOR_ID, REGION_ID, COLOR_ID) VALUES(1003, STRINGDECODE('Calice ch\u00e2teau billeron bouquey'), 'AOP Saint-Emilion', 'SCEA Robin-Lafugie', 3, 3, 2);
INSERT INTO PUBLIC.WINE(ID, NAME, APPELLATION, PRODUCER, CREATOR_ID, REGION_ID, COLOR_ID) VALUES(1004, 'Coteaux du layon St-Aubin', 'AOP coteaux du layon', 'Vignoble de la Fresnaye', 3, 14, 1);
INSERT INTO PUBLIC.WINE(ID, NAME, APPELLATION, PRODUCER, CREATOR_ID, REGION_ID, COLOR_ID) VALUES (1005, 'Les Darons', 'AOP Languedoc', 'Jeff Carrel', 3, 9, 2);
INSERT INTO PUBLIC.WINE(ID, NAME, APPELLATION, PRODUCER, CREATOR_ID, REGION_ID, COLOR_ID) VALUES (1006, 'Cuvée Anaïs', 'AOP Touraine Mesland', 'Domaine de Rabelais', 3, 14, 2);

INSERT INTO PUBLIC.VINTAGE(ID, BARE_CODE, JHI_YEAR, WINE_ID, CHILD_YEAR, APOGEE_YEAR) VALUES
(1051, NULL, 2002, 1001, 2005, 2010),
(1052, NULL, 2017, 1002, 2019, 2027),
(1053, NULL, 2010, 1003, 2012, 2020),
(1054, NULL, 2015, 1004, 2016, 2019),
(1055, NULL, 2015, 1005, NULL, NULL),
(1056, NULL, 2014, 1006, NULL, NULL);

INSERT INTO PUBLIC.WINE_IN_CELLAR(ID, PRICE, QUANTITY, COMMENTS, CELLAR_ID, VINTAGE_ID, LOCATION, CHILD_YEAR, APOGEE_YEAR) VALUES
(1101, 6.0, 1, NULL, 1001, 1051, NULL, 2005, 2010),
(1102, NULL, 1, STRINGDECODE('Francois Ma\u00eetre'), 1001, 1052, NULL, 2019, 2027),
(1103, NULL, 1, NULL, 1001, 1053, NULL, 2012, 2020),
(1104, NULL, 1, 'Stephane', 1001, 1054, NULL, 2016, 2019);

alter sequence hibernate_sequence restart with 1105
