INSERT INTO PUBLIC.COLOR(ID, COLOR_NAME) VALUES 
(1, 'Blanc'),
(2, 'Rouge'),
(3, 'Rose');

INSERT INTO PUBLIC.REGION(ID, REGION_NAME) VALUES 
(1, 'Alsace'),
(2, 'Beaujolais'),
(3, 'Bordeaux'),
(4, 'Bourgogne'),
(5, 'Champagne'),
(6, 'Poitou-Charentes'),
(7, 'Corse'),
(8, 'Jura'),
(9, 'Languedoc'),
(10, 'Provence'),
(11, 'Roussillon'),
(12, 'Savoie'),
(13, 'Sud-Ouest'),
(14, 'Vallée de la Loire'),
(15, 'Vallée du Rhône');


INSERT INTO PUBLIC.CELLAR(ID, CAPACITY, USER_ID) VALUES (1001, 27, 3);
INSERT INTO PUBLIC.YEAR(ID, JHI_NUMBER) VALUES
(1, 1885),
(2, 1886),
(3, 1887),
(4, 1888),
(5, 1889),
(6, 1890),
(7, 1891),
(8, 1892),
(9, 1893),
(10, 1894),
(11, 1895),
(12, 1896),
(13, 1897),
(14, 1898),
(15, 1899),
(16, 1900),
(17, 1901),
(18, 1902),
(19, 1903),
(20, 1904),
(21, 1905),
(22, 1906),
(23, 1907),
(24, 1908),
(25, 1909),
(26, 1910),
(27, 1911),
(28, 1912),
(29, 1913),
(30, 1914),
(31, 1915),
(32, 1916),
(33, 1917),
(34, 1918),
(35, 1919),
(36, 1920),
(37, 1921),
(38, 1922),
(39, 1923),
(40, 1924),
(41, 1925),
(42, 1926),
(43, 1927),
(44, 1928),
(45, 1929),
(46, 1930),
(47, 1931),
(48, 1932),
(49, 1933),
(50, 1934),
(51, 1935),
(52, 1936),
(53, 1937),
(54, 1938),
(55, 1939),
(56, 1940),
(57, 1941),
(58, 1942),
(59, 1943),
(60, 1944),
(61, 1945),
(62, 1946),
(63, 1947),
(64, 1948),
(65, 1949),
(66, 1950),
(67, 1951),
(68, 1952),
(69, 1953),
(70, 1954),
(71, 1955),
(72, 1956),
(73, 1957),
(74, 1958),
(75, 1959),
(76, 1960),
(77, 1961),
(78, 1962),
(79, 1963),
(80, 1964),
(81, 1965),
(82, 1966),
(83, 1967),
(84, 1968),
(85, 1969),
(86, 1970),
(87, 1971),
(88, 1972),
(89, 1973),
(90, 1974),
(91, 1975),
(92, 1976),
(93, 1977),
(94, 1978),
(95, 1979),
(96, 1980),
(97, 1981),
(98, 1982),
(99, 1983),
(100, 1984),
(101, 1985),
(102, 1986),
(103, 1987),
(104, 1988),
(105, 1989),
(106, 1990),
(107, 1991),
(108, 1992),
(109, 1993),
(110, 1994),
(111, 1995),
(112, 1996),
(113, 1997),
(114, 1998),
(115, 1999),
(116, 2000),
(117, 2001),
(118, 2002),
(119, 2003),
(120, 2004),
(121, 2005),
(122, 2006),
(123, 2007),
(124, 2008),
(125, 2009),
(126, 2010),
(127, 2011),
(128, 2012),
(129, 2013),
(130, 2014),
(131, 2015),
(132, 2016);

INSERT INTO PUBLIC.WINE_AGING_DATA(ID, MIN_KEEP, MAX_KEEP, COLOR_ID, REGION_ID) VALUES
(1201, 1, 6, 2, 14),
(1202, 2, 10, 2, 3),
(1203, 2, 10, 2, 13),
(1204, 2, 8, 2, 9),
(1205, 2, 8, 2, 10),
(1206, 1, 6, 2, 15),
(1207, 1, 4, 2, 2),
(1208, 2, 10, 2, 4),
(1209, 2, 8, 2, 11),
(1210, 1, 4, 1, 14),
(1211, 2, 8, 1, 3),
(1212, 1, 5, 1, 13),
(1213, 1, 3, 1, 9),
(1214, 1, 3, 1, 10),
(1215, 1, 3, 1, 11),
(1216, 1, 4, 1, 15),
(1217, 1, 5, 1, 4),
(1218, 4, 20, 1, 8),
(1219, 1, 5, 1, 1),
(1220, 1, 3, 1, 5),
(1221, 1, 4, 3, 9),
(1222, 1, 3, 3, 10),
(1223, 0, 2, 3, 15);   

INSERT INTO PUBLIC.WINE(ID, NAME, APPELLATION, PRODUCER, CREATOR_ID, REGION_ID, COLOR_ID) VALUES(1001, STRINGDECODE('Cuv\u00e9e les ruffes'), 'AOP terrasses du Larzac', STRINGDECODE('Ch\u00e2teau la sauvageonne'), 3, 9, 2);
INSERT INTO PUBLIC.WINE(ID, NAME, APPELLATION, PRODUCER, CREATOR_ID, REGION_ID, COLOR_ID) VALUES(1002, 'Domaine de la clotte', 'AOP Saint-Emilion', 'Vigneron et traditions', 3, 3, 2);
INSERT INTO PUBLIC.WINE(ID, NAME, APPELLATION, PRODUCER, CREATOR_ID, REGION_ID, COLOR_ID) VALUES(1003, STRINGDECODE('Calice ch\u00e2teau billeron bouquey'), 'AOP Saint-Emilion', 'SCEA Robin-Lafugie', 3, 3, 2);
INSERT INTO PUBLIC.WINE(ID, NAME, APPELLATION, PRODUCER, CREATOR_ID, REGION_ID, COLOR_ID) VALUES(1004, 'Coteaux du layon St-Aubin', 'AOP coteaux du layon', 'Vignoble de la Fresnaye', 3, 14, 1);
INSERT INTO wine VALUES (1405, 'Les Darons', 'AOP Languedoc', 'Jeff Carrel', 3, 9, 2);
INSERT INTO wine VALUES (1406, 'Cuvée Anaïs', 'AOP Touraine Mesland', 'Domaine de Rabelais', 3, 14, 2);

INSERT INTO PUBLIC.VINTAGE(ID, BARE_CODE, YEAR_ID, WINE_ID) VALUES(1051, NULL, 130, 1001);
INSERT INTO PUBLIC.VINTAGE(ID, BARE_CODE, YEAR_ID, WINE_ID) VALUES(1052, NULL, 129, 1002);
INSERT INTO PUBLIC.VINTAGE(ID, BARE_CODE, YEAR_ID, WINE_ID) VALUES(1053, NULL, 126, 1003);
INSERT INTO PUBLIC.VINTAGE(ID, BARE_CODE, YEAR_ID, WINE_ID) VALUES(1054, NULL, 131, 1004);
INSERT INTO vintage VALUES (1455, NULL, 131, 1405);
INSERT INTO vintage VALUES (1456, NULL, 130, 1406);



INSERT INTO PUBLIC.WINE_IN_CELLAR(ID, MIN_KEEP, MAX_KEEP, PRICE, QUANTITY, COMMENTS, CELLAR_ID, VINTAGE_ID) VALUES(1101, 3, 8, 6.0, 0, NULL, 1001, 1051);
INSERT INTO PUBLIC.WINE_IN_CELLAR(ID, MIN_KEEP, MAX_KEEP, PRICE, QUANTITY, COMMENTS, CELLAR_ID, VINTAGE_ID) VALUES(1102, NULL, 10, NULL, 1, STRINGDECODE('Francois Ma\u00eetre'), 1001, 1052);
INSERT INTO PUBLIC.WINE_IN_CELLAR(ID, MIN_KEEP, MAX_KEEP, PRICE, QUANTITY, COMMENTS, CELLAR_ID, VINTAGE_ID) VALUES(1103, NULL, 10, NULL, 1, NULL, 1001, 1053);
INSERT INTO PUBLIC.WINE_IN_CELLAR(ID, MIN_KEEP, MAX_KEEP, PRICE, QUANTITY, COMMENTS, CELLAR_ID, VINTAGE_ID) VALUES(1104, NULL, 4, NULL, 1, 'Stephane', 1001, 1054);
INSERT INTO wine_in_cellar VALUES (1505, NULL, 8, NULL, 1, NULL, 1001, 1455);
INSERT INTO wine_in_cellar VALUES (1506, NULL, 6, NULL, 1, NULL, 1001, 1456);